tweet_id,airline_sentiment
569716594731044865,neutral
569337064484962304,negative
569651366018166784,negative
569691772000931840,negative
569525641759993856,neutral
569962709057298432,negative
570256553502068736,positive
569280669593038848,negative
570235609933078529,negative
569917442455175168,neutral
570050603851710464,positive
569968023592943616,neutral
569684137755459584,neutral
568473140654788609,negative
568468409471492096,positive
569134718396051456,positive
569977887136342016,negative
570007457055055873,negative
569201109400555520,neutral
569318130356502528,positive
569345076406693888,negative
568469645843279872,positive
569601094239825920,negative
569518200410546176,negative
569358195862462464,negative
568841635049533440,negative
570264011574415360,positive
569476889313562624,positive
569541591586643968,negative
569675861160386560,negative
568139144515313664,negative
567836728100200449,neutral
569646446586171392,negative
568391878871285760,positive
569162211748245504,negative
569524310186061824,neutral
569597666025345024,negative
568066878192508928,negative
568238605036064768,negative
570245513720647680,negative
570057871058079745,negative
568568593262231552,neutral
569310070825226241,positive
567927725815496704,negative
567737909072367616,positive
568894073345437697,neutral
568929851379478529,negative
569371693602476032,negative
569851498118516736,neutral
570282469791911936,positive
567769879759962112,positive
569882324713783296,negative
569684963777503232,negative
569551241967067136,negative
569642419307864064,negative
569890859526823936,negative
568466243210108928,negative
569825634295230466,negative
570190092213465089,negative
568849739346608128,negative
568603081274986496,negative
569560151100821504,negative
568189481590886400,negative
569708004075044864,negative
570077847672328192,negative
569332086345220096,negative
569595123799101440,negative
570048851295383552,negative
569873664612704256,neutral
569180541662027779,positive
569351618522705920,positive
569733572606763008,negative
569130620963696640,positive
569971648876584960,negative
568997237176569856,negative
569591653121597440,negative
568678201590996992,negative
568475947617411072,neutral
567760693643214848,neutral
570009129579900928,negative
569627624617611264,neutral
569327949553520640,negative
569890836361580544,positive
568633534627381248,negative
567881305754595328,positive
570288039454486529,negative
569184069734395906,neutral
569927842173050881,positive
569894356393570304,negative
570001601072652288,neutral
570272880556011520,positive
570058295689523200,negative
568902419972694016,negative
569258100324048900,negative
569703468736376832,negative
568112409841238016,negative
568890074164809728,neutral
569900867324932096,negative
570038564110467074,negative
569588082284101633,negative
569366184904122369,negative
569372340309651457,negative
570043569605648385,neutral
570048915518533634,neutral
569235727558447105,negative
569624299788750848,negative
569866461172387841,negative
568062811856703489,negative
568773776638406656,negative
568421124201017345,neutral
569330006985347072,negative
568840215089041409,negative
568037876761546753,negative
568085705479618560,negative
569604330229092352,negative
570216086173581312,negative
568610311487561728,positive
570286359983886336,negative
569252759087685632,positive
569668606142783488,positive
570284054605639683,negative
569889833297915904,negative
569489114707431424,positive
568797768162127872,positive
569728283568418816,negative
569964286954618880,neutral
569666679963312129,negative
568105051622756352,negative
569598915722518528,negative
569380923847909376,neutral
569710260136640512,negative
569786249508048896,negative
568155933832044544,positive
569724056645140480,negative
568611276026351618,negative
568925181848227840,neutral
569639784819372032,negative
568602309703249921,neutral
570121689503301632,negative
569893988846546945,neutral
568088470712950784,negative
568620542682468352,neutral
569088814184079361,negative
569699455919726593,negative
568910880416464897,negative
569196231546830848,negative
569721779645767680,positive
569933275436707840,negative
568836930550534145,positive
569588138273865728,negative
567757851104641024,negative
570145544078815232,negative
569616576481267712,neutral
568599168949886977,negative
567772568833503233,neutral
567794017593991169,negative
569282692014977025,positive
568131853929947136,neutral
568649338005487618,neutral
569604659712811009,negative
569537485761433600,negative
569578016843669504,negative
570003111772692480,positive
570009743160254464,negative
570081568733192192,negative
568002085888897025,negative
569923360982900737,negative
568179392293281792,neutral
570303383782989824,negative
569333461401481216,positive
570019741806538752,negative
568173792406740994,neutral
570301395141836801,neutral
568523935853051906,negative
569028851860254720,neutral
569596097540132864,negative
568868127364096000,negative
568561033641480192,positive
570040162840907776,neutral
569661233923629056,negative
570024174162485251,negative
568823143789416449,negative
568491094327078912,neutral
569838593423708160,negative
569667602148151296,neutral
569168028014743552,negative
568672467889176577,negative
569328755409326080,negative
567725676958998528,neutral
569620017840398337,negative
568429062642929664,neutral
569650294746820609,negative
567780888700669952,neutral
569950724983025665,positive
569495331399995392,negative
567875147941552128,negative
569167347996495872,negative
570204088908034049,negative
570028289399525376,negative
568547201208565760,positive
568810874204327936,negative
569313760864632832,neutral
569617494908002304,negative
569622568459636736,negative
569610542723309568,negative
569533479362408448,negative
569246786440830977,negative
569904370361483264,neutral
569933646385188864,negative
568776950665371648,negative
567810683485753344,neutral
567777885277405184,neutral
568777504368005120,positive
567803969235390464,positive
570279787287093248,neutral
568810180269494272,negative
567737598115082241,positive
568988757954678784,negative
569852965315584000,positive
568538242380742656,negative
567812369902133248,neutral
570307390752608257,negative
568116895305617409,positive
570253919697244160,negative
568493336698490880,negative
569380098119499776,negative
567794573495250944,negative
568481836290220033,negative
569293499968950272,negative
569495653526724608,neutral
569675799122591746,negative
568055034296049664,negative
569186177238110208,negative
569456035930484737,positive
568017135236022273,neutral
567831160978677760,negative
567803109687443456,neutral
569638678194040832,negative
569605258621661184,negative
567878078782898176,positive
569858655086120961,negative
569931716049154051,neutral
569698937281470464,neutral
568577243200376833,neutral
568250065845944321,neutral
569617777075625986,negative
567831806944223232,negative
568213769098108928,positive
569687343403106304,neutral
569847920192655361,negative
569685581787205632,positive
569914894868328448,neutral
569963701794516992,negative
568110568097374208,negative
569971374820884481,negative
569642730932064256,positive
568880146284982272,negative
569659620517662721,negative
569154129362186240,negative
569413676337274880,positive
569941050002972672,negative
570050881879568384,negative
569232560330555393,negative
567680108002291712,negative
570079030029848579,negative
569633323997212672,neutral
570057178687475712,negative
569758821310017536,negative
567806501402976257,neutral
569910528279228416,negative
569944281512685570,negative
569505407862902784,negative
568423284401836032,negative
567745362727686145,negative
569649006986407936,neutral
568845241526038528,neutral
568138996112445440,negative
570264306350227456,positive
569303931916038144,positive
568788947859607552,negative
569942094766325762,neutral
568811854216105984,neutral
567781757274292224,negative
569727727881682944,negative
569659230929555456,negative
570165459783450624,negative
569817130801221632,negative
570297070998974464,negative
569593694963310593,neutral
568778553933889536,neutral
570123304498917377,negative
569935135895883776,negative
569459455273897984,negative
568476370130628608,negative
569675527662874624,negative
568927427847544833,negative
568534114527113216,positive
567722664597286913,negative
568612911222026241,negative
569275466936397825,negative
569678905344270336,positive
568192271453188096,negative
569903840507506688,positive
569704587315138560,positive
570072153607049218,neutral
568911099740839936,positive
568480654347935745,neutral
569894035797753856,negative
569223788639821824,negative
568436081303158784,negative
570074662086045696,negative
570276434763128833,negative
569489006955769856,negative
570240647678050304,neutral
568056665821413376,positive
569153098595192832,negative
569464902164856832,negative
567918173992910848,negative
568859157253611520,negative
567923103080275968,positive
567864588521381888,negative
570271209822294016,neutral
567768306799882241,neutral
568438000843034624,positive
569606226880929792,negative
567825347439370240,negative
569679759250038784,negative
568187725834289152,positive
568257389402710016,negative
568497542100586497,positive
567890765134852096,negative
568628841431867392,neutral
568174745293709313,neutral
570077234570010624,neutral
570268326250745856,negative
569613537158373376,neutral
568806899275018241,negative
570081545211375616,negative
570174794425098241,negative
569613601918492672,negative
570277221916647425,negative
569969456190869504,negative
569155666440355840,negative
568774320773849088,neutral
568917786921009153,neutral
570091033368899584,negative
569272359334453249,negative
569929677571166208,neutral
570082819025838080,neutral
568108322924191744,positive
570175858469515264,negative
568086156899966976,positive
570251909447192577,negative
568155246616121344,positive
570100829396406272,positive
569340749466226688,negative
569233260108124160,negative
569522307657388032,neutral
570205399619661824,positive
569550230376423424,neutral
569538703732772864,negative
570006886012973056,positive
570016052895092736,negative
569221589822083072,negative
569495613173309441,negative
569513151517073408,negative
569982307634794497,neutral
569635382834421761,negative
569277733416513536,negative
567837218628362241,neutral
569629346777968640,negative
570254368538173440,negative
568434959226179585,neutral
570272714205863936,negative
569341769114128386,negative
567824271234592769,negative
567851359178989568,negative
569715341259104256,neutral
568839278681174016,neutral
568648390738706432,negative
567756837320392705,negative
570211016308596736,neutral
569553741222952960,negative
569620643810926592,negative
570249440176570368,negative
568801885567606784,negative
567766410169954304,negative
570199267668676609,negative
569969218306904067,negative
569674873787658240,neutral
568823817679847425,negative
569651470615887872,negative
568225310753353728,negative
569935261947330560,neutral
569564566272811008,neutral
568521960088449025,negative
568636400419151873,positive
569008601009762305,negative
568893092927029249,negative
569869514944466945,negative
570119247982137344,negative
568561924985782272,positive
568792664931508225,positive
570106900970221568,negative
567782794261438466,negative
569667173544812546,neutral
567752542491516928,negative
568174802059464705,negative
568821261767303168,negative
568222976744824832,positive
568951462413209601,negative
568149201466617856,negative
569531827989454848,negative
569811246096064512,negative
567728357555437568,negative
569538857328353280,negative
569691144897953793,negative
568880030123745280,neutral
569949968750010370,negative
569693808914522113,negative
568815354388078593,negative
568558478039625728,negative
568958227888500736,negative
567830303121870848,neutral
569270187725160449,negative
569745528382038016,negative
568496575716175872,negative
567772770604298240,positive
569242425530712064,negative
569830265364701184,negative
567908702088376320,negative
567711860938772480,positive
570264145116819457,neutral
569596394819883008,negative
569594354924425216,negative
569587686496825344,positive
567818953881419776,negative
568955124300820480,positive
569244295921692672,negative
569621365634015232,negative
567875922906456064,neutral
569525811704934401,negative
569248721139048448,positive
569204914649489408,negative
569949655905263616,neutral
569381443257958401,positive
570239165675249666,neutral
569967925416886273,negative
569608734332162048,negative
568379326678368256,positive
569706320212787200,negative
569895516139421696,negative
569633482915209216,negative
568174911841177600,negative
568621210986090497,positive
570001825358860289,negative
569341791482220545,positive
569914488541069312,positive
569839419211034624,negative
569586471570534400,negative
568101444391276544,negative
568383474303959041,neutral
569225573773369344,negative
568177521327509504,negative
568158427664527360,negative
569524116769914882,negative
568230023251042304,neutral
570235244999270400,negative
569857504768757760,neutral
569560386548006912,neutral
569285184605986816,negative
570068466717237249,neutral
569698085821001728,negative
567813042576199680,negative
569225489329598464,negative
569661321744134144,negative
569625606536732672,neutral
568155954484797442,negative
569503165713948672,negative
570235413224427520,positive
569943022474956802,negative
569153841083625473,negative
567790572833103872,negative
568188595456118785,positive
569701178054811648,negative
569311935835062272,negative
569435214717562881,negative
569876152036290560,neutral
568814123540221952,negative
568882601261273089,negative
569628591475924994,negative
567940050186604545,negative
568839596261249024,neutral
568232942612447232,positive
570254721140850689,neutral
568771007529398272,neutral
570247748286435328,negative
569780939280093185,neutral
570234625848696833,neutral
569850899310358531,neutral
568192942088843264,negative
568592520659267584,negative
569549922569224192,negative
568111819325366273,neutral
569621879633391616,negative
568518985056002049,negative
569657504273027073,negative
569017194564096000,negative
568370280415899648,neutral
569747411779735552,negative
568075934609346560,negative
569888280793063424,positive
569795284764532736,negative
569863194929471488,negative
567748407070953472,neutral
568870144891600896,positive
569973337050341376,negative
568605449659895808,positive
567781607797305345,neutral
568514213921947648,neutral
570061921145065473,negative
569488002361249792,negative
569886919833874432,negative
568576763212619777,negative
569507522412986368,negative
570284862122233856,negative
569961203197325312,negative
569865190822572033,positive
569887452384481280,negative
568417751854931968,negative
569083604216623104,neutral
568392783922372608,neutral
569921646057926656,negative
569497092655345664,negative
569273251186286593,negative
569717866611630081,positive
569083218554519552,neutral
569900699988860928,positive
569359788120907776,positive
567746576626356225,neutral
569558153202774016,neutral
570271383005085696,negative
568502112457510912,neutral
569847852605812737,negative
569755876401274880,neutral
567710245053407232,negative
569939924964630528,neutral
570264948548313088,positive
569206566035042305,negative
569995513623408641,negative
568802105005346817,neutral
569885487508418560,negative
568831574474661888,positive
568031932719566849,positive
567864939349557248,negative
569874374741925889,negative
569168696083656705,negative
568137336095170560,negative
568337096177528832,negative
569509671213662208,neutral
569153207148150785,negative
570012549631975424,negative
569890681361186818,negative
569777772115193856,neutral
569673582609088512,negative
569381811278770176,negative
569520929128251392,negative
569319928815202304,positive
569597962659110913,negative
569599978722746368,negative
568417151176060929,negative
567813037454917632,neutral
570208115205021696,positive
569899203339657217,negative
567791786145378304,negative
570222495145406465,negative
567984939221852160,negative
569117839308800001,negative
569938845111848961,neutral
568239444500865025,positive
569491346647445505,neutral
568473862083461121,negative
567872044030918657,positive
569951384390344704,negative
569165652876881920,neutral
569940199842525184,negative
568808975828955136,negative
567861067088596993,neutral
568888623787089920,negative
569310249859080192,negative
569640038302134273,negative
569598072923123712,negative
569989178651508737,negative
570135402306080768,negative
569686415665025024,neutral
569266679903080448,negative
570291213007491076,negative
568767144407789569,negative
567745507834220546,negative
567817897893982208,neutral
568222090769379328,negative
567778606546694144,negative
569684433218875392,negative
568937199145783297,negative
568456334581981184,negative
568731988082999296,neutral
568517565548339200,neutral
570055898367799296,negative
570142665246965760,positive
569595309279440896,neutral
568556238012678144,neutral
569574646229684224,negative
569576074050473984,neutral
569832363527708674,negative
569248843532886016,positive
567872392116191233,negative
568389266155438080,neutral
569935956880420864,neutral
569783738210525184,neutral
568438645591384064,negative
569345701487906818,neutral
568751950935691265,neutral
569595791355981825,neutral
567805465854488579,neutral
569975349750079488,negative
569172396680175616,negative
569908080114339840,neutral
568853440794730496,neutral
570298679250305024,negative
570298285350629376,negative
569514430393913344,negative
569642078990258176,negative
568237684277141504,negative
568434307989159936,negative
569465299495358466,negative
570002679142854656,neutral
569663687948181504,negative
570298644475346945,negative
569952718707687424,positive
567799259224940544,neutral
568875530671554561,neutral
567832862130577408,negative
569616634601717760,negative
568216286561374208,negative
570001906199887872,negative
569226157901684736,negative
569861209781989377,neutral
569926859699437568,negative
567820647465803776,negative
570003289326157824,neutral
568920314073260032,negative
568994507074772992,negative
568582374549807104,negative
568416493446270976,negative
569358458404802561,positive
569373511455776768,neutral
568585196699664384,neutral
570291934306168834,neutral
569574711899922433,positive
567857402340450305,negative
569685606202093570,negative
569673473607344128,neutral
568926716644745216,positive
570089091276128258,negative
570253313368698883,negative
568161997935607808,negative
569642145977479169,negative
567848544893169664,negative
569955742276407297,neutral
569618309357940737,neutral
569947414263701505,neutral
569328854948573187,negative
569872058613673984,positive
569894449922252800,negative
569620354781425665,negative
567741202884075520,neutral
570275536406253568,negative
569713494821482498,negative
567727701620822016,neutral
568159685238329344,negative
568235890205532160,neutral
569212457706782720,neutral
569346317706768385,neutral
568234670166568960,neutral
569376145000390656,negative
569100490027499520,negative
570001601055883265,neutral
569534939642925058,neutral
570292715444965377,positive
570171986648965120,negative
567767341090361344,neutral
568222514956013568,negative
568527292135133184,negative
568425317028610049,neutral
569951363670642689,positive
570049018820042752,neutral
568124227641065472,neutral
569248084934443010,negative
569674294411669504,negative
570297970891075584,positive
569149358802759680,positive
569716670689902592,negative
569618884577218560,negative
569348268154609664,positive
568076556997775360,neutral
569838878049345536,neutral
569709103188197376,negative
569659646916440065,positive
569288530419175424,negative
569229091657936896,negative
568059129601724416,neutral
569899859995693056,negative
569846023553720321,negative
569580001672237056,neutral
568186350219821057,neutral
569554727572099072,negative
569557964991930368,negative
570000158454353920,negative
569588651925098496,positive
569558235897688064,positive
568232493779824640,neutral
569342888615620609,negative
569623852403306496,negative
569975778953142272,negative
569605930146353152,negative
569678397158268929,positive
569634364780351488,neutral
569909655813500928,negative
569534268130660352,neutral
568434509017960449,negative
569772867774230528,negative
569605359406485504,negative
570297414848000000,neutral
569338605057015808,negative
567754504817606656,negative
568526769373859841,positive
567692504397803520,neutral
569301025280167936,neutral
568438312177762304,positive
569700635152494592,negative
568424704597467137,neutral
568115946738597888,negative
567733946717196288,neutral
568444203883204608,negative
568795746721513472,neutral
569882542855352320,negative
569300435091251200,negative
569611341394264064,negative
569989039874404352,neutral
568538790244909056,positive
569598314825555968,negative
569096764835414016,negative
569804677472251904,negative
569623415767871489,negative
568607425047240704,negative
569575176322424832,negative
569305239834136576,negative
567733847132229632,positive
568832749093687296,negative
570195799256072193,positive
569629537400696832,neutral
570063450174464000,negative
568360334609612801,negative
568897013997289472,neutral
568499384704479233,positive
569640574971715584,negative
569342220534288384,negative
569603357406576641,negative
567741610373685250,neutral
568094172508336128,positive
569094744615157760,negative
568830614289252352,neutral
570193464467570688,negative
569623156337586177,negative
569669921258409985,negative
569643388611330048,negative
567722844319404033,neutral
569872455377879040,negative
569374127187820545,negative
568870473934761985,negative
570084406204997632,negative
569671332092252160,negative
569346870423769088,positive
567860313883693056,neutral
569700953164615681,negative
569662145886957568,negative
569471837614137344,negative
570043937244622849,neutral
569699171868938241,negative
569978876861902848,negative
569687410969321472,negative
569986978684362753,negative
567881459161260032,negative
568623037962039297,negative
568570905690898432,negative
569251768770502656,neutral
568809407120855041,negative
569604208661409792,negative
569457148129779714,negative
568818669024907264,negative
569268243854192640,negative
568814284680994816,negative
570073592848715776,negative
569294599614803968,negative
570274417546113025,negative
567936625453318144,negative
569564671688118273,negative
569181132685574144,neutral
570203218686423041,negative
569630106940895233,negative
568492682152189952,neutral
570246800247902208,neutral
569927792781086720,positive
569163885393154048,negative
568781819233091584,positive
570045585149063168,negative
569578297945919488,negative
569278858123300864,positive
569913838746742784,neutral
569197921150902272,negative
568924781837455360,negative
569197579956842496,negative
568542364207325185,positive
569927476463452160,positive
570265919676485632,positive
569525270907981825,negative
569716576850731008,negative
569685644449964032,negative
569559311095095296,neutral
569564610837086209,negative
569643301332258817,negative
568895050601508865,negative
568735475847950336,neutral
567764010812985344,neutral
569539074106789889,neutral
569345693770502144,negative
569188792541818880,negative
569627477200535552,neutral
568857976733376512,positive
569418233322872833,negative
569287489883500545,neutral
569580805036453888,positive
567800823674310658,negative
569480693782339584,negative
569977521690669056,positive
569541478244089857,negative
569545779079094272,negative
569630229636853761,negative
568086132346322945,neutral
569759892803756032,neutral
570102866754592768,negative
569654946179579904,negative
569358953567670272,negative
569629692661268480,positive
570263889696305152,negative
569910299983130625,negative
567741692854276096,neutral
568982505551851520,negative
569650936911683586,negative
569605604416888832,negative
569624621047111680,negative
570239998383038464,neutral
570281275216367616,neutral
569541545029804034,negative
570001092206923776,negative
569406451980091392,neutral
569260366221348864,negative
569222494952886272,positive
569248702092541952,negative
569828681297870848,negative
569903268312125440,negative
570096448571731968,negative
569660442408321024,negative
570268875872473088,negative
569226228152053760,negative
567753071833665536,negative
568832907525152769,negative
569665976062644224,negative
568847512372514816,neutral
569597663953293312,negative
570299824760860672,positive
568170794670551040,negative
567588278875213824,neutral
569351220097216512,negative
569484400594952192,negative
569939391277350912,negative
567898499540340736,negative
568513003307429888,positive
568895587900207104,neutral
568503887113498625,negative
569908792776892416,negative
567783456420012032,neutral
569495604944089088,positive
569877658286186496,neutral
567771317705773056,neutral
569801089022734336,negative
567778498723737600,negative
567729135733465088,negative
569682228269068288,negative
570257429486706688,negative
570266640614498304,neutral
569588464896876545,negative
570299924555956227,neutral
569254571622727682,neutral
569238877178716161,negative
568116768868159488,negative
568863640721477632,negative
567844362601697280,positive
569693820398510080,negative
568145883679875072,negative
569516377524076544,negative
570203916643766273,positive
568957001658724353,negative
567902121992921088,negative
570233869212856320,positive
569651818453708800,negative
570240625536323585,negative
568451219477250048,negative
567784912011689984,positive
570276681551732736,negative
568788152955092992,negative
568245360998658048,positive
569278020441284608,neutral
569658878939410432,neutral
569687399426617344,negative
569265728408440833,positive
570187080426397696,negative
569221210019487745,positive
569746687805095936,negative
568191343769620480,neutral
568440180769746946,positive
568457140894969856,neutral
569715248720007169,negative
569270012894060545,negative
570058070224728064,negative
569230997650214913,negative
568910220644237312,negative
568872365146251264,negative
569651226280751105,negative
569569639543541762,negative
570285465145876480,negative
567734499669454848,negative
569690433996984320,negative
568468372524023808,negative
569600720254541824,negative
569272738826694656,neutral
569971216934526976,negative
570298117544906754,negative
569991295776595968,negative
569590892085915649,negative
569645048696053761,negative
569907782108839938,negative
568818512191471616,positive
570244951914782721,negative
570053734639792129,negative
568107816923340800,neutral
569205367575441408,positive
567856962521661440,positive
568140092453179394,positive
570060752926728192,neutral
569724705063596032,negative
569608322925473792,negative
569604198033170432,negative
569914369905201153,negative
568069363280035840,negative
569706754025660417,negative
569830532516868097,negative
568129652625158147,negative
567727526777073664,positive
569526960268963840,negative
569844028365275136,negative
567812349895245824,negative
569642200595898368,negative
569988839919394816,neutral
569122341797691392,neutral
569508406551322624,negative
570195492006707200,negative
569748687812845568,negative
568526136017342464,neutral
569635077623148545,negative
568080133195755520,negative
570270684619923457,neutral
569982327654383616,neutral
569681499928158208,positive
568234162638999552,neutral
569600927394631680,negative
570240452588380161,neutral
568900052397092864,negative
568198666613338112,negative
570212118059995136,positive
568628159618424833,neutral
568632754939805696,negative
570229647713148928,negative
569242111100514305,neutral
570296616688750592,negative
568079024943194112,neutral
569310635986546688,negative
569016065600008193,negative
569688749208178688,negative
569521863891804160,neutral
569480220203474944,negative
569525480178769920,negative
569614009369907200,negative
568908978001993729,negative
569610485101768704,neutral
569317626687717376,negative
569654393898864640,negative
567916798747619328,negative
569273247252008961,negative
568134930137550848,negative
569590208095768576,neutral
568579388704292864,negative
568081401053974528,negative
569708173831094272,negative
568281801480904704,positive
569974668406296577,neutral
569814010398273537,negative
567879888490868736,negative
570230559693078528,negative
570208909522182146,negative
569118085245898752,positive
569862755420905473,negative
570295981985681409,negative
569502953851252737,negative
569668853849919488,neutral
569212860665978880,negative
569837191540551680,negative
569224171303145473,neutral
567921406807261184,positive
567967937446834177,negative
568671211430891520,negative
568388502431395840,negative
568613354245210112,negative
569744079027896320,negative
567781694183186432,positive
568779073117245441,positive
569528105557053442,negative
570006917927575552,neutral
568870279906234368,neutral
570302337069264900,negative
569986783024431105,negative
568834558268973056,positive
568239036533497856,neutral
569930577643769856,negative
569592778872606720,negative
569598171082596352,negative
567845492849287169,negative
569948131397410816,neutral
567832821013848064,negative
568775146703589376,negative
569580197709783040,negative
568211991757770752,positive
569729657248985089,negative
570280378193330180,negative
568188732806963201,negative
569324558999691264,neutral
569968565513625600,neutral
569990034444689408,neutral
569651165396373504,negative
568576245027336193,negative
568788652995833856,neutral
569498511609356288,neutral
569936893166489600,negative
570275632518733825,negative
569963645402099712,negative
570283824040382464,positive
570009630786453505,neutral
568838020041809920,neutral
569540050821763072,positive
569872132269682688,negative
567862814578061312,positive
569672095753502720,negative
567864117047865344,negative
567837023014273024,neutral
570226414525542400,neutral
569672202037170177,positive
568813634152849408,negative
568790164404899840,positive
568929979981033472,positive
568754053083222016,neutral
570246108699627521,positive
568506885130682369,negative
569740962760499200,negative
568259485413715969,negative
570249159179145216,neutral
567724178317402112,neutral
567952115588423681,negative
568400398748266496,negative
569881463233097728,neutral
568178665189711872,negative
569965494519734272,positive
567841308452249600,neutral
570250617379168256,negative
569287318898495490,negative
568086667258679296,neutral
568024213753364480,negative
569701192449654784,neutral
569671290111393792,negative
569555930028748800,negative
569707970876936192,neutral
567806884191944705,neutral
569607124772196352,negative
569440689253158912,negative
568058146729668608,positive
570265563035004928,negative
569330686135537664,negative
569161583718473728,negative
569630593924911104,negative
568269181394817024,negative
569297850456109056,negative
570295795985080320,neutral
569981473060560896,negative
568516063001853952,negative
568128236649095168,negative
569508707178057728,positive
569893924942299136,neutral
569222108200476672,positive
568069437506641920,neutral
568061931761864704,neutral
569675498873159680,negative
569334635227820032,negative
568822440631144448,neutral
569608733321498627,negative
568127434173878272,neutral
569189483469410305,positive
567594579310825473,negative
569635389289459712,negative
570048528602374144,negative
568894423507058688,negative
567897563065511936,neutral
569554300495462400,neutral
568624528131125248,negative
569290509883187202,negative
569989999963213824,neutral
569649617802891264,positive
569889440753172481,negative
569890309624082432,negative
569531018643955712,negative
570079676204347394,negative
568807391484997632,positive
570004391731847169,positive
569583725408870401,negative
568967744076410880,negative
570066391388172290,negative
568061470933540864,negative
569588578159697920,negative
569316417226600448,negative
569752206343348224,negative
570038991527002112,positive
569940323746516993,positive
569233440463155201,neutral
569933357515026432,negative
569268155383717889,negative
567845726220357632,neutral
569474081202032641,negative
568061283200839681,negative
568947250325561344,negative
568483338257895424,negative
569521081125629953,negative
569616699604934656,negative
569913339427434496,negative
570276878788861953,negative
569971949440524288,positive
569850239789568000,positive
568394432900431872,positive
570106218825564161,negative
569546858122616833,negative
567819711950635009,negative
569924101080535042,neutral
569343563244425216,neutral
569557305961750528,negative
569864290578108419,negative
569242037968445441,negative
568123193577177089,negative
569638751598563328,negative
568558484653883392,negative
570264179216510976,negative
569574973662232576,neutral
569243889011281920,negative
568154805362950146,negative
568587424747511808,negative
567870045981929473,neutral
570285979753443328,neutral
569300431412850688,neutral
569235062862036992,negative
570292403309035520,neutral
570267457841033216,positive
570133621870174209,negative
570053254836416512,neutral
568194770524221440,negative
569866875452203010,negative
568181761114546176,negative
569521573268480002,negative
569958349514485760,negative
568472719102234624,neutral
568864981917110272,neutral
568509343047352322,neutral
569956624036540416,negative
568224469480833024,negative
570196530566701056,neutral
567790926857531393,positive
568873730182504448,positive
569879601784041472,negative
569906317629874176,neutral
568094319766147072,neutral
568760785113120768,negative
568088989820792832,neutral
569086687336222720,neutral
568211739059326976,positive
568662343170674688,negative
569898994408693760,negative
569669129130647552,negative
569973084398100480,neutral
569644694759714816,neutral
569666115477098496,negative
568164165090709504,negative
570008958691364864,negative
570264515285266432,neutral
567865703765798912,negative
568938023439765504,negative
568239189055176704,negative
569692168165527552,negative
568408653562294272,positive
569309864759050240,negative
567735489688395776,positive
568735060104511488,neutral
569669062206332929,negative
568076919146557440,negative
569647146712113152,negative
568166027726434304,positive
568581984055906304,negative
569565393502793728,neutral
569886575720574976,negative
570084871101661184,negative
569654178789724160,negative
567747787807526912,neutral
568996575617409026,negative
569957000752140290,negative
569713556935077888,negative
568458701046050816,neutral
568766741746225152,negative
568991695917834240,negative
569763942144176128,neutral
568435750485819392,negative
569589460226183168,negative
569875783096741888,neutral
568911349092212736,neutral
569854312702201856,negative
569925929713188864,positive
567727292739092480,negative
569630160233873411,neutral
568116430966648833,negative
569973945270546432,negative
569244956663148544,positive
570181700036087809,negative
569915941192015872,neutral
568883108377808896,negative
568150150289461249,negative
569668644529147904,negative
567779193342423040,neutral
568484335747268608,neutral
567729904788054017,negative
569724257879502848,negative
570259423987404800,neutral
569192350607671297,negative
569725021951791104,negative
569126026938335232,negative
569660698231308290,neutral
570265699215675392,negative
568894996683870208,neutral
568995213529759745,negative
569641841454239744,negative
568806740227166208,negative
569863349737021440,positive
569842929860263936,negative
569676866824642561,negative
569522690261950464,neutral
569635090214449152,negative
569330095644659712,positive
568906461461393408,neutral
569662934520999936,negative
569984773365612544,neutral
567874134174101504,negative
567808424696893440,negative
570040251764183040,negative
568811069575204864,negative
568948848263081986,neutral
569194996143755264,neutral
567737653118779392,positive
569492269000204288,negative
568180422070247424,neutral
569601519663906819,negative
568832151119990784,neutral
569673981164277760,negative
568111010856480768,negative
569679642447052800,negative
568202482746335232,positive
569946703522091008,negative
568027443052720130,positive
569970829322260481,negative
569539000312188928,neutral
567727026313101315,negative
567777150145949697,negative
569683366632493056,neutral
568625258351063040,negative
569319046790819840,neutral
570285904809598977,positive
569587813856841728,neutral
570009576273154048,neutral
568303933774532608,neutral
568441679503495169,negative
568860308980117504,neutral
570175761468030977,neutral
569219456506814464,neutral
570259502685151232,positive
568922057552977920,negative
569891023335387136,negative
568020304510869504,positive
568935494375108608,negative
568987434051989504,negative
570021054015541248,neutral
570252044528959488,positive
568258333649604608,negative
567806898549051392,negative
569620902742233088,neutral
569255973958889472,negative
568616851531378688,positive
567823967555178496,negative
569260280687005697,negative
569691533101780992,negative
569884285659848704,negative
568067065388642304,positive
569660558112239616,negative
569701189199089664,negative
570252802611679232,positive
567741157070086144,positive
568478536715120640,neutral
568086073814827008,negative
569842067544805376,positive
569343970360348672,negative
569230515833856000,positive
569154174929244162,negative
569872009380941825,negative
569441937826164736,neutral
569810057795391488,positive
568056050877919232,negative
568308464985903104,negative
570245433466884096,negative
568884473040752641,negative
568909776635236352,neutral
570000614794489856,neutral
570101777934086146,positive
569504232971362304,negative
569937767775510530,neutral
569598155999674368,negative
568250000028925952,negative
569921467552567296,positive
568527764812374016,neutral
570290993339244547,negative
569923163259318274,negative
569690711026573312,negative
569693592597323776,negative
568664266502479872,negative
568391639158226944,negative
569626655527981058,positive
569153491983327232,negative
569346431833673732,neutral
570275153860386816,negative
569817937131016192,negative
568393752596717568,neutral
569838141273559040,negative
569481844300898304,negative
568785504004497408,positive
569816326744776705,negative
568819406207356928,negative
569240250192670720,positive
568835810532794368,negative
569993176636739584,positive
569865061855932416,neutral
568925579933671424,neutral
569250912784519168,negative
570169567374401536,negative
570095499287506946,negative
568621100914991104,positive
569347372595212289,negative
568184231819481088,negative
568183277774868480,neutral
568424596657078272,negative
569101653573570560,neutral
569982678558048256,negative
569502963317649408,neutral
568467366780264448,negative
569864693998690304,positive
568862914154770432,negative
569329378061979648,negative
568173938292985858,positive
568479680229208064,negative
568396209091702784,negative
569615206625599488,negative
570187686213918721,negative
568845552114405376,negative
570220208037584896,positive
569311482950897665,negative
568853588858023936,neutral
570295405818335236,negative
568457663123746816,negative
568230767714799616,negative
570224417445261313,negative
569910571686088704,neutral
570248035369820162,negative
569659364530728961,negative
568439748047581184,negative
569995730951147523,negative
569473998519578624,negative
570116329694310400,negative
569666892882952192,neutral
569924117719199744,neutral
570213783085432832,negative
570296572375900160,positive
567872810770657280,positive
569639640170254336,negative
569487075797565440,negative
568885959225446400,negative
568105106647838720,neutral
570276018751016960,negative
569598985737867265,negative
567802662026014720,positive
568248151368269824,negative
569676387113672704,negative
569226128168062976,negative
570217145428090880,negative
569986129820196864,negative
569892141335334913,neutral
570250470289068032,negative
569639780276953088,negative
567905540761870336,positive
570270728051765248,negative
570146467542933505,negative
569277352129138688,negative
569837381261533185,negative
569005718365298689,negative
569621367806664705,negative
567840122454052864,positive
569673434721951744,negative
569914848991010816,negative
568058820376854528,negative
569821947049218048,negative
569913595762311168,neutral
568888167681695744,positive
569240866684071936,positive
568092044964421632,neutral
568092350355865600,negative
569582862472577024,negative
569661662648610816,negative
569809648712327168,negative
569514031695962112,negative
567806872410161152,positive
569602295224246272,negative
567787873778278400,positive
570109961511895040,negative
568240048384151554,positive
569835641514692608,negative
569609163824713729,neutral
569325844931448832,negative
568328533421867008,negative
569308130464698368,positive
569915029950222337,negative
567966853068251136,negative
569615736387325952,negative
569206152510226432,negative
568166479327313920,neutral
570129843594997760,negative
570033627939131392,positive
569940075120873472,positive
569926909515034624,neutral
570289085354541058,negative
569233861651144704,neutral
567802900480585728,neutral
569231300843970561,neutral
567874261085454338,negative
570239952975482881,negative
569901679975522304,negative
569443675194966016,negative
567754559762612225,negative
568841522663329793,neutral
569372947720179714,negative
570084122636365825,neutral
568101606585020416,negative
567970771718578176,negative
568781359331844096,negative
568054377421901824,negative
569846545715228673,negative
568925709189705728,negative
570034397153398784,neutral
568897700315435008,negative
568993159419535360,neutral
568724832898162688,negative
567883722948763648,positive
570219877006503936,negative
569562007671853056,negative
569999614624927744,negative
568057232392380416,negative
568479942146707456,neutral
568547227527819264,positive
568389719093940224,negative
568829465788350464,negative
569905936980185088,positive
568873020460126209,positive
568432609866457088,negative
567816074898513920,negative
568823775745028096,negative
570040644451708930,negative
568159614069444608,negative
567842366473834498,positive
569994090147909632,negative
569626297116176384,negative
569624091646431232,neutral
569139586124910593,negative
567728481623359488,negative
569633166031511552,neutral
570010976608780288,negative
569228870177591298,positive
569638417505497088,negative
568178240101191681,negative
569972884052930560,neutral
569960248548593665,negative
568526349565972480,negative
569757272760397824,positive
568881812174299137,negative
568806985505726464,negative
568885645927686144,neutral
568240355772108800,positive
569296585697464320,negative
567849520781893632,negative
569897003255083008,negative
567867168429182976,negative
570249102404923392,negative
569271943188209667,negative
569084344930676736,neutral
568182386409607168,positive
569992602025644034,negative
570005561338503170,positive
567804646157475840,negative
568919118193291264,negative
567951376480907264,negative
567725820056068096,negative
568527304348942336,negative
569195472650268672,negative
568464337146404864,positive
569674597479677952,negative
569758956941234176,negative
569175432702107648,positive
569693012885770240,negative
569904406285516800,negative
569612028492570624,negative
569886537128632320,negative
568109390026448896,neutral
569346433305993216,neutral
570024703256956929,negative
569590988395708416,positive
567997512310767616,negative
569281144186908672,neutral
569220232293720066,positive
568852319762313216,neutral
569585203666161664,neutral
568471761051721728,neutral
569858507341606912,negative
568491460250742784,negative
568463331251634176,positive
569628242044428288,negative
568481985221537792,positive
569967974284713984,negative
570092196247969796,negative
567772565956222976,positive
569636003473793024,negative
569595595754639360,negative
569565776010567680,negative
569605935280336896,negative
567728017196457987,negative
570287622343540736,positive
567728229340172288,negative
569887996071297024,negative
569948808320315392,neutral
569527183825182720,positive
568663147189415936,neutral
568541219711819776,positive
570208036314222592,positive
569907323650633728,negative
567813839539159040,negative
569832968954499072,neutral
569952945028108288,negative
569983338880114688,negative
570106114202861568,negative
569938559836299264,neutral
568949828518084608,neutral
568083251866152960,negative
569223862941929472,neutral
567947508208377858,neutral
569618829627666432,negative
569757234260942848,negative
568145575452876800,negative
569869506560069633,positive
569217929541238784,negative
569719693780496384,negative
569609971383586817,negative
569671617674022912,neutral
568826365878730753,negative
569549686857736193,negative
570244720229797889,negative
569651816197169153,negative
569593045777321985,negative
568968141814046720,neutral
568264441906618368,positive
570033259842801664,negative
569557662997852160,negative
569330337735696385,negative
568834799592448000,negative
569247182337019904,positive
569618489788346368,negative
567734357839056896,negative
569887230019284993,neutral
569018352464588800,neutral
570202160564203520,negative
569179937841815553,neutral
567802649526976512,neutral
569623248205430785,neutral
567799412538494976,negative
569186384121954305,neutral
567806786331234305,negative
570043390773084160,negative
568845145510158336,neutral
568054514617622528,negative
569261737037455361,negative
568613837198340098,neutral
568527605063757824,negative
568161901089132544,negative
568284515728302080,negative
569884407852437504,negative
567833666925121536,negative
568512847178645505,negative
569967897600139264,negative
569597711789502464,positive
570302060035497984,negative
567919829589442560,negative
569305311007399936,negative
569967493487292416,negative
570291066466897921,neutral
570083548364992512,negative
570222481618948096,negative
569303932691984384,positive
568483773467262976,positive
567810209088847873,positive
569939156740149249,negative
569814855349346304,positive
569213183455563776,positive
570276787063816192,negative
569676217432977408,negative
567738031398866944,neutral
569915643094396929,negative
569671053594591232,negative
569958524270342144,negative
569503649677750272,positive
570003343222964224,negative
568458157703499776,negative
567899906150703104,positive
567724950556258304,negative
570298455068971008,negative
567829088380919809,negative
569586373042278400,negative
569692835907129345,negative
569885015615664129,positive
569649806202642432,negative
569970729237782528,neutral
568873459901702145,negative
569715563385085952,positive
570074583379939328,negative
568418165853540352,negative
568244094583107585,negative
569551994949648385,negative
568135153903656960,negative
569609970007674881,negative
568894575596580864,positive
568787022472740864,negative
568973617687625728,positive
569587371693355008,negative
569645522363011072,neutral
570224962184867840,negative
570096856685871106,negative
569320594400874497,negative
568501367754661888,negative
569958916668305408,negative
567930900731854848,positive
567901996763602945,negative
569797440100036608,neutral
570121673099190272,negative
569152332765667328,neutral
569302780013355008,negative
569431307152953344,negative
570286100637466624,negative
569036471232892929,neutral
569243185832169472,negative
568779794902614016,negative
569664828911919104,negative
568146088416448513,neutral
569645294708609025,negative
568807947423375360,negative
570037613899481088,negative
570264856223330304,neutral
569563148472225794,negative
569723768773349376,neutral
568016802191683586,negative
569589643487928321,positive
568600380977893376,negative
569634828641034240,negative
569784699117137920,negative
569954824265076737,neutral
570272387985514497,negative
569387765957308416,negative
568659661861175297,positive
569870442388983808,negative
570285070184898561,negative
568177098038349825,negative
569586743831191552,positive
570301929580048385,neutral
569974705811107840,positive
568207908057567232,negative
569179517522046977,negative
569524522291892226,negative
570236495367315456,negative
568590189582536704,negative
569091378438746112,positive
569423132240556033,neutral
569924092280774656,neutral
569701230479413249,negative
569278418606559233,negative
569616208804380672,negative
570271479616573440,neutral
569648229295329280,positive
569921842204565504,negative
568405950958333952,negative
569285045401178113,neutral
569256434736746496,neutral
568169837878484992,negative
569634318349246464,positive
570215343530102784,negative
569691574625415168,negative
570261328511643648,negative
569737258191839232,neutral
568929782286516224,neutral
570095131967295489,negative
569353669738688512,negative
568601527591440386,negative
567819359255810048,negative
568615362960293888,negative
569225412540174336,positive
567850746319753217,positive
570272186419847168,negative
568796018348724226,negative
569336493224955904,negative
569631404306210816,neutral
568644286306242561,neutral
569379979055796224,negative
568605001666449408,positive
569175138349887488,neutral
567815174045868032,positive
568057241435303936,negative
568006084360863745,negative
569767266075742208,neutral
568756110456270849,negative
569984178764308480,positive
567768552644423680,negative
569895266670612480,negative
570224421194964992,neutral
569627079458865153,negative
568458879220076545,positive
570240784357830659,negative
569957516748066817,negative
569598588378087426,positive
569760231846072321,negative
570250371110539264,negative
569638419384528897,neutral
569507060209090561,negative
568878244331696128,negative
569925190236442624,neutral
569715707736420352,neutral
568802037057646594,positive
569869892960133120,negative
568077686507229184,neutral
568702964623216643,negative
570274049118625792,negative
568082656413552640,negative
569607918569410560,negative
569714541178679296,negative
570192452486889473,neutral
568450413365571584,negative
568468715819266048,positive
568243352258236416,negative
568203369053077505,negative
569301244948324353,neutral
567851942627577856,negative
567775685796589568,neutral
570038694817767425,negative
570086475989061632,negative
568546953262436352,positive
568271522332192768,negative
568501539167473664,neutral
567755891714174976,negative
568622676773703681,positive
569356085359996929,negative
570078102551834624,negative
567804350040416256,negative
569616424995409921,negative
569687262444720128,negative
568030511530172416,neutral
568758807418896385,neutral
567805714216792064,negative
568804625257791488,negative
568943214130040832,negative
569530483022962688,positive
568546837231042560,neutral
568851396923146240,negative
569947514633191424,neutral
568083224146149376,negative
568095623875964928,positive
568052343922507776,positive
568553014786547712,neutral
567790177063608320,negative
567969619849265153,negative
568475305675001857,negative
567899319157669888,neutral
568191101087019008,neutral
570202204281425920,neutral
569655262765719553,negative
569482263345307648,neutral
570011533205336064,negative
568899726273323008,neutral
569170897606709250,negative
569960024455454721,negative
570237453229019137,negative
569647694005870592,negative
568862839340961792,negative
569088496117415937,positive
569892024708689920,neutral
568893498193158144,neutral
570236014238699521,negative
570225899964129281,positive
569705212274995201,negative
568792520337039360,positive
567807014388154368,negative
569922305423495168,negative
569975126659342336,negative
568115829616861184,neutral
569912213068066816,negative
569241970662645762,positive
568944928266412032,neutral
567770993159307264,positive
569552945324273665,negative
568998609590419456,negative
568884211739971584,positive
569288268530917376,negative
567949332395249664,negative
568772824523001856,negative
570263827033432064,negative
568199550084591616,neutral
570265811623002112,positive
569769633995104256,negative
568395094232932352,negative
569584719089836032,positive
570287747643998208,negative
569716646165778432,negative
569912963273879552,negative
570264793140953088,negative
567728679426326528,negative
567859569621372928,positive
569504172011356160,negative
570294189143031808,neutral
568859651980156928,neutral
569857396899606528,neutral
569035174328934401,negative
569999632920674304,neutral
568444042851323904,negative
569392511732588544,negative
568467286333513728,neutral
569620098467569664,negative
569697456536965121,positive
569650276380110848,negative
570209843199524864,negative
570208172289474560,negative
570276245960835073,negative
570075821127249920,negative
569369243965362176,negative
569695695868817410,negative
568740200479793153,negative
570237440616570880,neutral
569243229138202624,negative
570279368766959616,neutral
567719005713334276,negative
568543965026390016,neutral
570236587386122240,negative
569697188508348416,negative
567803467282046976,positive
569538649110548480,negative
569604400479649792,negative
569845438494457856,negative
570282087065919488,positive
568470266793340929,neutral
569517360828145664,negative
567845953245413376,negative
569657850856919041,positive
568243964983308289,negative
568907615809503233,neutral
569958588837285890,neutral
568921407813521409,negative
569672807715463168,negative
569926843853185024,negative
569827255653941248,negative
569970853334650880,negative
568094548141977600,neutral
570002509906837504,positive
569354267854704641,positive
569680782622633984,negative
568380302114086912,negative
570232671353376769,negative
569624009354170369,negative
569840341899026432,positive
568067622698291200,neutral
568426579874996224,positive
567812841081688064,negative
569291447377137664,neutral
570014299625787392,negative
568829891220803584,positive
569487167191425024,negative
568847735530643457,neutral
570081797427621888,negative
568969371118391296,negative
567717552290136065,neutral
569682545375354880,negative
569377633894445056,negative
570270216694968320,negative
568453042816868352,neutral
570058065480962048,neutral
567738743491411968,positive
569912835871879168,negative
568640966866935808,negative
568990617394647040,negative
569530159247826944,neutral
567905855653421056,negative
568544211370418176,negative
567783187901915136,neutral
569730716692393984,negative
569664849522925569,negative
567801343861092352,positive
569502188562546688,neutral
568355672225673216,neutral
569984229393637377,neutral
569330683623186433,negative
568977492410703872,negative
568524265663803395,positive
570308799950692353,negative
570242452092813312,negative
568893275907575808,negative
569017052310056960,neutral
569846619996360704,negative
567775140319358976,negative
569974287286845441,negative
570296273611448320,negative
570008661885526016,negative
569895927273517056,negative
568457483301339136,negative
568646628795666432,neutral
570283544125288448,negative
570265804748550144,negative
569329707084353536,negative
567783113309585409,neutral
569296354607935488,positive
569948345583562752,neutral
569497966660218882,negative
568098977545134080,negative
568203124760055808,negative
568442989258911745,negative
569487156399378434,negative
569492838448300032,negative
569657112109965312,negative
569459836389335040,negative
569625607476158465,negative
570293494444634114,negative
569887654713499648,neutral
570284482588246016,negative
567849500536152064,negative
569671435309809664,positive
568287936820572160,negative
569687540644642817,neutral
568354331503828992,neutral
568824193380425731,neutral
570242512012451840,positive
567759456503881729,negative
567820713156943872,neutral
569263373092823040,negative
568381535063306241,negative
569716908787933184,negative
569891267666006016,neutral
570054647689322496,positive
569976114124349440,negative
568826247809273856,negative
570110504254857217,positive
568821070767255552,positive
568241367396192256,negative
568790282839433216,positive
570030590466121728,negative
569946571577536512,neutral
569718904131420161,negative
568791745925918721,negative
568797557914148865,positive
569983750798516225,neutral
570272018840428544,positive
569528550589464576,negative
570012706704662528,negative
569657895522054145,neutral
569316516321202176,negative
570270435478122497,positive
569277477652172800,negative
569923934054805504,neutral
569811470797676544,neutral
568562728585064449,positive
569949405136232449,negative
569646538814824449,negative
570039279050579968,neutral
569304295444774912,negative
567755542362591233,negative
568419711521841152,negative
567785481161953280,neutral
570215548589453313,neutral
569638441803075585,neutral
570304912468402177,positive
568611474416906240,negative
568869594531651584,neutral
569782460000514048,negative
570001983408635904,neutral
568435364349808640,negative
569923761232850944,positive
568219901359460353,negative
570083761582428160,negative
567880238962716672,negative
569671000486502400,positive
568384147464568834,positive
568639679496454144,negative
570050603927392257,negative
569868638968254467,neutral
568902044561465344,negative
569681184898162689,negative
570119457286328320,negative
569292280000962561,negative
568244170848137217,negative
570272154635374592,negative
568868703762296832,positive
568806618097455104,positive
569922973798420480,neutral
569256107186782209,negative
569670634718023680,positive
570222748615598081,negative
570308309682675712,negative
570009035455344640,negative
570087510941962241,neutral
570201740496257024,neutral
568057226776219648,negative
568885556718907392,negative
569526325255364609,positive
568064178478571520,negative
569836305066041344,negative
568433759919452160,negative
567754562053091328,neutral
570220154363232256,negative
568220625648672768,negative
568093988516802560,neutral
567819541939494913,positive
569606901325017090,negative
570021329065394176,negative
568194475077570560,negative
569079956912758784,neutral
568909613770211329,neutral
568450017649778688,positive
570042796624777216,negative
570137063716216832,negative
569710964712411136,positive
568926656615690240,positive
567767009908109312,negative
569258454633701376,negative
569017837576069120,neutral
570278202897276928,negative
569946921265184768,negative
568515101319254016,negative
568179117851578369,negative
569361961487478785,negative
569990229576196098,negative
570236221575704576,positive
567799932897210368,negative
569656756764217345,negative
569938470824574976,neutral
568374422136070144,negative
570237238631669763,negative
568088967419023360,neutral
569510774957170690,negative
567787583138230272,neutral
569720394782875649,negative
569594123222585344,negative
569571643044929536,negative
569149498183659520,negative
569135148660342784,negative
568984515298922496,negative
568772334632349696,negative
569959406927945728,positive
567686845903826947,neutral
569947001456070656,negative
569075205106229248,negative
569704108095111168,negative
570304445734629376,negative
569230193220554753,neutral
569306599577112577,positive
568432638823772160,negative
568199122903293952,negative
568722339833126912,negative
570079290953486338,positive
568944096687075329,negative
570078673090408448,negative
569598323621023745,negative
568602007583354880,positive
570276196405125120,negative
569649975342333952,negative
568371161484161025,negative
569872444590129152,neutral
569759459632750592,negative
569907965223763970,negative
568801276416401408,neutral
569919414948237312,negative
568555130624217089,negative
569968282532315136,positive
570030390309552128,neutral
569292859909672960,positive
569954670006763520,negative
567756085583302656,positive
568553610981740544,negative
569649590632374273,positive
568743141861228544,neutral
569342650068934657,negative
569211825218318336,negative
569221440794271745,positive
569688901922615296,negative
569965247093731328,negative
569717188468334593,negative
567781663469481984,negative
568639207846989824,negative
568959665360384000,negative
568781427636092928,positive
568153430776287233,negative
568999879176949760,negative
568153151636766721,negative
568898405189038080,neutral
569684982366666752,neutral
568237654606680064,neutral
568768952366575618,negative
570269633778855936,negative
569610824647626752,neutral
568906726906335234,positive
568215093596573696,positive
570038580967383042,negative
568984098909237248,negative
568076650782404608,neutral
568190857263915008,negative
569753041420865536,negative
569377149045444608,negative
569923242015764480,positive
568838717303074816,negative
569947033857069057,negative
568551504505802752,negative
569644213224148993,negative
569510849846611968,neutral
569631041356320768,negative
569596783011217408,negative
569690664029462529,negative
570302023968694272,negative
569899413558169600,neutral
569682277111889920,negative
568434729684307970,negative
569948991569264640,neutral
567729696662511616,positive
568109598034554880,negative
569243017552375809,negative
569728440758181889,negative
568948462030467072,negative
568779480019251201,negative
568087131748503553,positive
570083989601411072,neutral
570259691579809792,negative
570250554670125056,positive
568720333634609153,negative
569614500044918784,neutral
569236960528756737,neutral
568559216912416768,negative
569868201720287232,negative
568902736462262272,negative
567791019086065664,negative
569919996568215552,positive
569668704524308480,negative
568431120032915457,negative
568451916319096832,neutral
568409651466899457,neutral
569941247546286080,negative
570073969690169344,negative
569287433008754688,positive
568041161652342784,negative
569543791176257537,negative
568045111189372928,negative
570175764643094528,neutral
569132950006185985,neutral
568535948042104832,neutral
567767439493300224,negative
569567629083430912,negative
569516852805808129,negative
567768330624372736,positive
570045153295011841,neutral
568090175122907136,negative
570134947828080640,positive
568882359409340416,negative
569529020892651521,negative
569835633147056128,negative
568213658117005314,positive
569971394701873153,negative
568920614716600320,neutral
570295459631263746,negative
569662471213948928,negative
568073860911927296,negative
567950122245623808,negative
569280553574277120,neutral
569217317315354624,negative
567831245260005376,positive
569177940027674624,positive
568573570114134016,negative
569509408939487232,negative
568104397869350912,positive
567776832410636288,negative
569850867899170816,neutral
570307369328095232,negative
568738229274464256,neutral
570184234498805761,negative
569372595067490304,negative
569140362025050112,negative
569714003653431296,neutral
569697809017864193,negative
567902921829978112,neutral
569969062228439040,negative
569777607371128834,positive
570099562548834304,positive
568960217976864769,negative
568871143022731265,negative
567753747283988481,negative
570173690475728896,negative
569940980809342976,negative
570304244001193984,negative
569387005131546624,negative
569913899648098304,neutral
568679098920206337,neutral
568583737417605122,neutral
570286345454800896,negative
570247839563034624,neutral
569355673068118016,neutral
568801277984944128,negative
569317747101982720,negative
569531387629318144,negative
569614917826965504,neutral
570019459244691456,negative
568671818262773760,neutral
569939932191559680,neutral
568875992128729088,neutral
569705524138090496,neutral
570007003659149312,negative
569910335353851904,neutral
569718465034096640,negative
568434790707277824,neutral
568868928732028928,neutral
569380376709238784,neutral
568129848910204929,negative
569705563287896064,positive
568053919575875584,negative
567813189334790144,negative
569542427758866433,negative
569348678911021056,negative
569882164382322688,negative
569559734199721984,negative
569635939422593024,negative
567886632155680770,positive
568173151798108161,negative
569602861467885568,negative
568167414493532161,positive
568148009722073089,positive
568925459540344833,positive
569675774627848192,positive
570305363859406848,negative
569231763173560320,positive
567811913586876417,negative
568763876377907200,negative
568248180057325568,neutral
567909106553483264,negative
568218962833461248,negative
569151206028931072,neutral
569844251426729984,negative
568769725175435264,negative
568220487500709889,negative
569237713016229888,neutral
568608189089869825,positive
570016304284901379,neutral
570247551368241153,negative
568855390462603264,negative
570179455911481344,negative
567735667879575552,neutral
567727499367682048,neutral
568985734163664896,negative
569490420356374528,negative
569892553690124288,negative
569620452043317249,negative
568164059981307904,positive
569651579307069440,negative
569703328940032000,negative
570291828349669378,neutral
570276440874323968,negative
567782645975625729,negative
569831634817708032,negative
569855205187190784,negative
568959916498509824,negative
568482785389899776,neutral
568223950926446593,negative
569275430311751682,negative
568999888043638785,negative
569103591966793728,negative
568677317590937600,negative
568780228648144896,negative
569610806196768768,neutral
569259449115942913,positive
569674237079744512,negative
570042700835082240,negative
568516267440631808,negative
569602817633222656,negative
569934594268471296,neutral
567740235061014528,neutral
570273819287531520,positive
568641342869544960,neutral
570214488739225601,negative
570020117284724737,negative
569881548515708928,negative
568148282762874881,negative
568826225621405696,negative
569747046338588672,negative
569172065724428288,negative
569616283706077184,negative
569256055781240832,neutral
569781926162145281,positive
569873050117808128,positive
569704066760232960,negative
569980365386809344,negative
569885774386044930,positive
570040888321318912,negative
568604366690627584,neutral
568934745909829633,positive
570221178658418689,neutral
569540826231152640,negative
569342608813793280,negative
568057346607460354,negative
569992708447711232,neutral
569535821486952448,positive
568196117147463680,positive
569575003248676864,neutral
569949217843605504,neutral
569309777567875075,positive
568108100827217920,positive
569606966772940801,negative
568787202341081088,negative
569590965880532993,negative
570278902959988736,negative
568411980542775296,positive
567965767808864256,neutral
569068027917922304,neutral
567872769049825280,negative
570250443034640384,negative
568630308284850176,neutral
567724133434535936,negative
569610871934205954,negative
569537388986421249,positive
567780076926693376,negative
567738375755415552,negative
569638381375909889,negative
567737962541375490,neutral
568565272824582145,neutral
569595218401439744,negative
568965309505380352,negative
570270039737274369,positive
569561425955332097,negative
568468959663489025,positive
569684626949718017,negative
569751515461603328,negative
567732946241470464,negative
569362336991092736,negative
568803508784275457,negative
568807823187976193,neutral
569233554242080768,neutral
568885971913023488,neutral
569328005677494272,negative
569896805611089920,negative
570023530466840576,negative
569680242194980864,negative
570061334898872321,positive
568849058523033601,negative
569947476830101504,neutral
569669059941261312,negative
569911713459408896,negative
568480213123919874,neutral
568193347216474112,neutral
567745016702181376,negative
570024409630515202,negative
570046710870728704,positive
570211810038521856,negative
570277054635057153,negative
569568357030232066,negative
569277512892551168,negative
570299252141903873,negative
567765664459669504,negative
569235155061227520,negative
569628053648904195,neutral
568910753652199424,positive
568973348840943616,positive
569888183409893377,neutral
567874892634304512,negative
567778149132664833,positive
569698504467021824,negative
570296996445204480,negative
569325061892481024,negative
568487677114363904,positive
569615659333627904,neutral
569647597666889728,negative
568118177537744897,neutral
568795018816675841,negative
569165378359656448,negative
568204182676578304,neutral
569698562734321665,neutral
568946502615179264,negative
568667108252319744,negative
567802723127803905,negative
570300915418320897,negative
568491224946098176,negative
568220313370013696,positive
570251671265083393,positive
568611482780508161,negative
569673913892003840,negative
567793072060276736,positive
569754680626008064,negative
570087950156898305,negative
569696080121569280,neutral
569817859406352384,negative
570083998380232704,negative
569672329321701376,negative
569945237025648640,negative
569716703556444161,negative
569729569428627456,positive
568782761852596225,positive
569629631814508544,negative
569487121897033728,negative
567748863449395201,negative
570025428095770624,negative
570204649363341312,negative
569805521638662144,negative
569960350876979200,neutral
569697236982104065,neutral
569861759240171522,positive
568894231651098624,neutral
568601554275721216,neutral
567777622357475328,neutral
568436943131951104,positive
568979198007595008,negative
569615215144226816,negative
568494962880475137,negative
569666708278878208,neutral
569083230361673728,positive
569627346166284288,neutral
569981026598043648,negative
569326785353129984,negative
569672974657146880,negative
567903883047088128,negative
569683696422244352,positive
568834182694240256,positive
569580671112388608,positive
569323727818657792,neutral
569752107730890752,positive
569711003585220608,neutral
569143528397254656,neutral
570018892031991808,negative
568963006547111936,positive
568141111601926145,positive
568173585484771328,positive
567935883086688256,negative
570250945281589248,negative
569656088817233921,negative
567871783107452930,negative
570215386102292480,neutral
569878584967344128,negative
569357196141719552,neutral
569490499377061888,negative
570086891342733312,negative
568132204712370178,neutral
569404245142855680,negative
570034025148108800,negative
569340645023698944,negative
568115928044404736,negative
568701051903336448,negative
569225563417620480,negative
568977439398821888,neutral
569003165984534528,negative
569494748341407744,negative
568958770849705984,positive
569648753357037569,positive
570085448271335424,negative
568589551477886977,negative
570288282413633536,negative
569554937744486400,neutral
570085423801888768,negative
569827206928715776,neutral
568560904469684224,positive
570185347453329409,neutral
568837168350699520,negative
570181406787301378,negative
570295174385016832,negative
569158629443502081,neutral
570300325917270018,negative
569576418855620608,negative
569263837448269826,negative
567754056924672000,positive
568990399814987777,negative
570224746652160000,negative
568424307031805952,negative
569949415458213888,negative
569239823820705793,negative
568946825798905856,positive
568762267493249024,neutral
569531274991239168,negative
570278619416694784,positive
568458185071132672,negative
569612143873490944,negative
568848259008962560,negative
569373650647945216,negative
568877353478299648,negative
569661761449791488,negative
570069217879461889,neutral
569555455963471872,negative
569656873315487746,negative
570194141612789760,negative
569611065820110848,negative
568595620002279424,neutral
570276414567493633,negative
568412747324485632,neutral
568093443823693824,negative
569169887689641984,neutral
567867090729861120,neutral
569533159475277825,negative
569995961570856960,negative
568077464892628993,neutral
570039635541274625,negative
568204705861652480,negative
569030463760650241,positive
569969374875881472,negative
569526894028197888,neutral
569006176186183680,neutral
568964028669800448,positive
569475215832387584,negative
569878388464177152,negative
569671231001092096,neutral
568490310524936192,neutral
568976065210806272,negative
569922915472244736,negative
568969970513653762,negative
569851813706539009,neutral
569620598307074048,negative
568464487931613185,negative
567823930985091072,neutral
569510667612504065,negative
568926018049691648,neutral
569617894666997761,negative
567716403117957120,positive
569825133705216001,negative
569485882941509632,negative
568438528666959872,neutral
569471541554978817,neutral
568135319876468736,negative
568121659988824064,neutral
569615100006440960,negative
568632394929958912,positive
569837569392967680,positive
568494813655527424,positive
569724545738760192,negative
570097432383651840,negative
568109592338518016,negative
570226143045033985,positive
569675979284721665,negative
570280436796166144,negative
569844102239531008,neutral
567842439911858176,negative
569325511635308544,negative
569480043853946881,neutral
568128399035772928,negative
569646613183885312,negative
569506823818117121,neutral
567777978327633920,positive
567713896627470336,negative
567830991491997696,negative
569826411206316032,negative
567754165904887810,negative
570241403822813184,neutral
568046797475553280,negative
570261349172973569,positive
568964652455092224,positive
569368286128771072,negative
569143215405674497,negative
569903377598914562,neutral
568640385117003776,negative
569188447157661696,negative
569719964023853056,negative
569453233044885504,negative
568586882600161280,negative
569884559380238336,neutral
569687244031852544,positive
569670882207129601,negative
569211529880576001,neutral
569948758118526976,positive
569015669347319808,negative
569181243385909249,negative
570205323992174592,negative
569854540494868481,negative
569678975049588737,negative
569492459258056704,negative
569228788481069057,negative
567720839408533504,positive
568852176799277057,positive
568606485716078592,negative
569916731595972608,negative
569655603783708673,negative
569925940224139264,neutral
569701646445326336,neutral
569961886046760961,neutral
568169732895051777,negative
569633562879619073,positive
569977907222880256,neutral
569620494724366336,negative
569895100526039040,negative
570052879643381760,positive
567864832235405313,negative
569489753332191232,negative
567885719894642688,negative
569447071910105089,neutral
569230983075115010,negative
567752009806131200,negative
569932216966516736,negative
568413365254488064,negative
568650439639437313,positive
569275476642013186,negative
570287408438120448,positive
569253382898126850,negative
568790336954175488,negative
570308064185880577,positive
570064017022181376,negative
568863304975839233,negative
569548800169283586,negative
567919558649995264,negative
569866081164111873,negative
568442492569456640,negative
570157210183069696,negative
568954266628575232,positive
570260735294607360,negative
569330414193483776,negative
570101670882840576,positive
568793432900177920,negative
568951819969232896,negative
570063224328081408,negative
570054266267811840,negative
568216861550239744,neutral
569915133113323520,negative
569721604315312129,negative
568228746697814016,negative
568835255722860544,negative
568955862124863488,negative
569324719993827329,neutral
568881148325007360,positive
569910441423417345,positive
568845724110213120,positive
569363221791928320,neutral
570278432417972224,negative
569607509167595520,neutral
569954220184604672,negative
567928302725263360,negative
569905773276307457,negative
569329401122426880,negative
568842944024875008,negative
569200619430420480,negative
568120102660341760,negative
567967872263331840,negative
568204029517553665,negative
568130768788185088,negative
570252528245456897,neutral
570122982863060992,negative
569998019694866432,neutral
569543012914565126,negative
569975026239164416,positive
568803679018491904,negative
569631575819710464,negative
569164614921019392,negative
568020431036420096,negative
570040802845421568,negative
569917765676601344,negative
567873519356284928,negative
569497632361594880,negative
569958895700959232,neutral
570259311315836928,positive
568438018572300289,positive
568761996973379584,positive
569969447764566016,negative
570305603056349184,negative
569688335788036096,negative
568634603885502464,negative
568447937929289729,negative
569119503516246016,negative
569023489492955136,negative
569972513721229312,negative
568139693574848513,negative
568954048038055936,negative
569428644432617473,negative
569993098023063552,negative
569943328701095937,negative
569172793608278016,neutral
567721764285726720,neutral
569343579899822081,neutral
570058986025672704,positive
569229142597771265,positive
568090890549374976,positive
569983093341347842,negative
569194348375613441,positive
567803627714138112,neutral
569579478168547328,negative
568183785558310914,positive
569722020776116224,negative
569558791433416704,negative
569522040547385344,negative
569310328862830592,neutral
570190931321757696,negative
570309000279023616,negative
569910536755748865,neutral
569970938525016065,negative
568356065428918272,positive
568935475815292928,negative
568823689422053376,negative
568968761954443264,negative
567731598871642112,positive
569235333050576898,negative
569598671420919808,negative
569729732952109056,negative
569675668524441600,neutral
568072822955896832,neutral
567767269120688128,neutral
569670671695011840,neutral
567772765756080128,negative
569594855556452352,negative
569286897404669953,negative
569897573294743552,negative
569625782181617664,negative
569923809634947072,negative
569980358206361601,negative
569936252977451008,neutral
568249367590768640,neutral
569927442657386496,neutral
570056726793359360,negative
570076792993611776,neutral
569910410343804928,neutral
568495877003857920,negative
569527205291802624,neutral
569929507945234433,positive
568166403246850050,neutral
569930522677399553,neutral
569326818697871360,negative
568956596862066688,neutral
568262481698803712,neutral
569903725449322496,negative
569761641211895808,negative
569847318062632960,negative
568101176551452673,negative
568944687077199872,positive
568457955223453696,negative
569929141962698752,negative
569927299908444160,neutral
569257932908470273,negative
570304440017788929,negative
569856109613166593,negative
569439706339024896,negative
569699965527666688,negative
568600144406568962,negative
569631027385245696,negative
568669880922165248,positive
569128289178152960,neutral
569620169971998721,neutral
568122284474544128,negative
568918759664021504,negative
570018532727103489,negative
569628431236911104,neutral
569630240512876546,neutral
569709552721141764,negative
569889547162669056,positive
570267215720800256,neutral
569806030584057856,negative
570045712211288064,neutral
570083363169669121,negative
570254322694557696,neutral
569671871634935809,negative
569911005557338113,negative
569832733226110976,negative
569263908973903872,negative
569119050682339329,positive
569000361735761920,negative
569967305859293184,negative
568817526823456768,negative
569249704543965184,positive
569754180883247104,neutral
569766956062134272,neutral
568594708177555457,negative
567676626855419904,neutral
570095043169529857,positive
569715059385114624,negative
569748491943038976,negative
569670523765960704,positive
568854243097976832,positive
569970318305046528,negative
569972935227674624,negative
570201172985974784,negative
570047946932101120,negative
569641810571763712,negative
567747420650754048,negative
569289545058947072,negative
569565598772043776,negative
570135205123530752,negative
568787185341751296,negative
569522820725788674,negative
567794802394406912,positive
569937119411462144,negative
569625173176901632,negative
568444017106690048,positive
568049646062444544,negative
570176104541122561,negative
569967019958730753,positive
570229420058918913,positive
569605699308818432,negative
569576395778748416,negative
569699437901000706,negative
569589319846854658,negative
569366138963959808,negative
569012492598251520,negative
569646144805953536,negative
568569324245532672,negative
570210502955155456,negative
570185364746461184,negative
569882980992335872,negative
567818961716387840,negative
569880251767123968,negative
569989598388084736,positive
568180928746369027,negative
569968609440563201,negative
567807269707206657,negative
569200983173156864,negative
570188838775103488,negative
569961695835267073,neutral
569947331241639936,positive
569632584424153088,negative
568883744246878208,negative
568627477259485185,negative
570294451261874177,negative
569879818063507457,negative
569925990283145216,neutral
567829387485130752,positive
570289557205327873,negative
569175278255284224,neutral
569815061440679937,neutral
567747041976410112,negative
569190678758080512,negative
569623364337168384,negative
568502210268692480,negative
569114409613860864,negative
569644697309872128,positive
569677660890116096,negative
569223781593403392,positive
567765457731624960,neutral
567861975419457537,positive
568562512284659713,negative
569116333998256129,neutral
569644634386911232,negative
568517386795507712,negative
570241221303468032,neutral
569507834930442241,negative
568899587424931840,negative
570108724636831745,negative
569516908195815425,positive
569660363794468864,neutral
568889677094232064,negative
567848374113693697,positive
568382196081229824,negative
569504928810414080,negative
570248162067107840,negative
567752048402104320,negative
570041988986347521,positive
568052677881565185,negative
569977223198822400,negative
569992753649729536,neutral
568273152456810496,negative
568658885361438720,positive
567801559788068864,negative
569597328522387456,neutral
568987540155453440,neutral
569336252597731329,negative
568961738596462593,negative
